,epoch,daz,cc_azi,cc_range,daz_iono,daz_SET,drg_iono_mm,dTECS,drg_SET_mm
0,2018-12-27,-0.019481,0.01795,-0.01082,,-0.0005886894789991782,-56.102827805391684,-4.066145354898955e+16,85.64650672595619
1,2019-01-02,-0.000827285,-0.00156,-0.09045,,0.0006394716588113362,-85.83119641843277,-6.220758102119942e+16,-11.702948339900953
2,2019-01-08,-0.0166857,0.015,0.01792,,-0.00020047211251177034,-43.48455879841895,-3.1516154119958496e+16,-73.60743217281714
3,2019-01-14,-7.58443e-06,-0.00037,-0.01656,,0.0005523411070891603,2.5752946297215504,1866487431339808.0,112.64675369428674
4,2019-01-20,-0.0160758,0.00857,0.08902,,0.0004704246076540007,-27.622544900138895,-2.001989686255949e+16,-130.0377948287499
5,2019-01-26,0.000774127,0.00272,-0.02768,,0.0006816841718702793,29.667485885788093,2.1502001707378176e+16,110.58463020843729
6,2019-02-01,-0.0180115,0.01477,0.12357,,0.0008706733357766526,91.04495336026275,6.598633770778426e+16,-40.10182810894592
7,2019-02-19,-0.000482579,0.00332,0.04239,,0.00012430491047510218,-22.78986489906521,-1.651733199965424e+16,-144.03079553289987
8,2019-02-25,-0.0157511,0.02264,0.09015,,0.001820036880325787,99.41184392153797,7.205038020287709e+16,97.22226677614897
9,2019-03-03,-0.000453136,-0.00189,0.07129,,0.0006644050657208035,93.43782797038934,6.772061320893587e+16,-55.696740019974285
10,2019-03-09,-0.0176536,0.01871,0.08227,,0.0005112338517924762,66.86666900428231,4.846272571365805e+16,-56.807873116723734
11,2019-03-15,-0.000915894,0.00514,0.02288,,0.0022984769263307385,128.26909550127553,9.296515117897107e+16,90.11511103219188
12,2019-03-21,-0.0176162,0.01867,0.15639,,-2.626032623290401e-05,127.78383580402657,9.261345117719347e+16,-137.6660975298647
13,2019-03-27,-0.00152753,-0.004,-0.04819,,0.002221413801849125,60.00089474044636,4.348664211453536e+16,76.8948204544589
14,2019-04-02,-0.0213631,0.01752,0.10645,,0.0001757570986895426,91.21596523415919,6.611028139545158e+16,-60.11990223653925
15,2019-04-08,-0.00132087,0.00327,0.08325,,0.0010782045226798108,173.770736748186,1.2594321920758886e+17,-51.5876949516089
16,2019-04-14,-0.0223933,0.02584,0.1057,,0.0018038839463476242,149.461233243272,1.0832450396220397e+17,75.94276308398271
17,2019-04-20,-0.00409044,0.00999,0.12388,,0.00010636397223660828,120.324462819655,8.720714707500589e+16,-122.2066710581567
18,2019-04-26,-0.0203415,0.02719,0.09168,,0.0020215661740195026,142.23980390399345,1.0309065345728938e+17,72.82105246355286
19,2019-05-02,0.00350761,0.00066,0.04394,,-0.0005508128904083135,32.166992340929795,2.3313560404092864e+16,-59.65506235923966
20,2019-05-08,-0.0206042,0.02403,0.12129,,0.0017625101954149422,14.687787950487321,1.0645217555838656e+16,-30.719126061493082
21,2019-05-14,-0.000901779,0.00861,0.03125,,0.00029642646000426875,134.87586930485054,9.775351990531411e+16,63.25362185116884
22,2019-05-20,-0.0221642,0.02184,0.0694,,0.0004188181992640518,66.0515328483718,4.787194228551021e+16,-103.5780009667212
23,2019-05-26,-0.00211304,0.00354,-0.04334,,0.001445524465189631,11.771304332766423,8531447755148672.0,85.60198175031145
24,2019-06-01,-0.0196005,0.01902,0.06978,,-0.0013220693428103688,7.315247749871441,5301846951681856.0,-66.01926466811291
25,2019-06-13,-0.0198768,0.02281,0.01941,,-0.0013204003951794718,1.5650559838289626,1134300242561280.0,35.851025085885944
26,2019-06-19,-0.00335849,0.01237,0.04655,,0.0007512347213720505,12.817517658701759,9289708189050816.0,-83.51112008327587
27,2019-06-25,-0.0213144,0.0288,0.01368,,0.000540457897693321,6.46345064101464,4684492890758464.0,103.09743984394036
28,2019-07-01,-0.000393518,-0.00047,0.02355,,-0.001711902867169713,44.92500624737198,3.2560142263275136e+16,-88.98881431632181
29,2019-07-07,-0.0232176,0.02749,0.01567,,0.0017873877503614718,-22.31979798743572,-1.6176643220856128e+16,82.99516507590599
30,2019-07-13,-0.0028252,-0.00083,-0.05926,,-0.0020918374930666748,-33.861007604294,-2.45413260201416e+16,-4.799764458205493
31,2019-07-19,-0.0194129,0.01922,0.03559,,0.0008420408976888051,-27.772000999608412,-2.0128217645734144e+16,-65.56430150549896
32,2021-03-16,0.00604316,0.00114,0.14906,,0.0007312799723041228,138.2186197182329,1.0017623362539776e+17,-51.02828367765559
33,2021-03-22,0.0128758,0.03044,0.2128,,0.002236758551248682,315.2310271167051,2.284689073208238e+17,60.765646137037315
34,2021-03-28,0.00574656,0.0,0.17534,,-0.00016090046570229797,303.99588167762585,2.203260496029931e+17,-135.92944173409856
35,2021-04-09,0.00475763,0.0029,0.18513,,2.397505482395266e-05,272.39957071074804,1.9742609997557587e+17,-68.76875571538935
36,2021-04-15,0.00924234,0.02809,0.19953,,0.0010943818880460399,213.20904909886585,1.5452678920624045e+17,-53.147887510646584
37,2021-04-21,0.00780735,0.00689,0.11823,,0.0019404442273661753,206.43684357541957,1.496185211012706e+17,68.51081124673944
38,2021-04-27,0.00730326,0.02302,0.24561,,-0.0003963019330870333,243.8733107661353,1.767512206684619e+17,-141.49238413748884
39,2021-05-03,0.0180586,0.01706,0.07165,,0.002533992891934639,245.39515218593863,1.7785420044008608e+17,86.53651996264215
40,2021-05-09,0.00956129,0.03033,0.12579,,-0.000797463355601645,158.341397586057,1.1476055013057277e+17,-66.31585476787077
41,2021-05-15,0.0120244,0.01052,0.1362,,0.001428574564285419,175.13881335954636,1.2693475538785504e+17,-44.76890362223077
42,2021-05-21,0.00793169,0.02769,0.10828,,0.0007760263177415842,166.4780946451547,1.2065775607281773e+17,92.41526495005655
43,2021-05-27,0.00650145,0.0069,0.09478,,7.94961124252251e-05,28.34506913551164,2.054355826758771e+16,-133.08330501930016
44,2021-06-08,0.0010602,0.00225,0.04356,,-0.001365219255943387,70.72079805193418,5.125606956767046e+16,-69.02732600282832
45,2021-06-14,0.00685905,0.02652,0.12559,,0.001754920178715469,48.41055742513824,3.508635320221373e+16,-18.161324227909432
46,2021-06-20,-0.00125924,-0.00076,-0.00549,,-0.0011825180701826115,32.93722863888154,2.3871801916616064e+16,95.89068352080545
47,2021-06-26,0.0107924,0.03174,0.17218,,0.0009342935010159367,137.69092372191815,9.979377721310125e+16,-102.3483877004142
48,2021-07-02,0.00646915,0.008,0.03515,,-7.033322465964904e-05,101.99783159629762,7.392461759569162e+16,109.7533188831359
49,2021-07-08,0.00267881,0.02537,0.10853,,-0.001505155177906359,99.72612187310364,7.22781583529088e+16,-81.82169667787636
50,2021-07-14,0.010279,0.0113,0.03099,,0.0015645700209376042,45.57923452287978,3.303430504036851e+16,24.45628659721077
51,2021-07-26,0.0115666,0.0115,0.08056,,0.0011139982445951154,125.21621582482302,9.075252607591347e+16,-65.022430608882
52,2021-08-07,0.00524104,0.00265,0.08523,,-0.0012933254199377952,105.19296778350441,7.624034546077293e+16,-99.62966519506773
53,2021-08-13,0.0060851,0.02587,0.07983,,0.00038588514054879806,140.43499435218718,1.017825878458713e+17,61.731669740126186
54,2021-08-19,0.00196323,-0.00537,0.07451,,-0.0028597990286560243,93.9471268119965,6.808973597868998e+16,-18.388053818362927
55,2021-08-25,0.00376733,0.02533,0.16202,,0.0005313113061220348,143.03917554675544,1.0367001129346288e+17,-46.98825394494888
56,2021-08-31,0.00661363,0.0052,0.07912,,-0.002091856868005578,200.5213419132474,1.4533116330729734e+17,73.26201378590565
57,2021-09-06,0.00697606,0.02391,0.20153,,-0.0009186643244070226,223.52649204884008,1.6200452684737965e+17,-116.69166655241465
58,2021-09-12,0.00211103,-0.00024,0.06258,,-0.0012663211389871496,125.55096356548674,9.099514004458618e+16,77.43285700457322
59,2021-09-18,0.00358636,0.0172,0.18021,,-0.0020448030849893285,197.79895901560914,1.4335807121791354e+17,-56.816040996281416
60,2021-09-24,-0.00034464,-0.00981,0.11389,,-0.00013393094866247818,201.0796066475232,1.457357749186681e+17,-46.509717031723994
61,2021-09-30,0.00834163,0.02761,0.17211,,-0.0023777516998911867,404.7674413151841,2.933619062887771e+17,64.07162274737496
62,2021-10-06,0.0118258,0.00595,0.20768,,-0.0004233761126169678,296.3926043369985,2.1481544843546528e+17,-131.61635043835884
63,2021-10-12,-0.000319763,0.01765,0.16926,,-0.0022903345609711512,286.34966443652786,2.0753666142539168e+17,87.47273987521325
64,2021-10-18,-0.00154493,-0.00796,0.06617,,-0.0010110298261079762,136.6054605563843,9.90070698079488e+16,-68.61736529925794
65,2021-10-24,0.00785321,0.02645,0.21841,,-0.0005345030633813518,232.38034276778464,1.684215017811004e+17,-45.95263455386595
66,2021-10-30,0.0037852,-0.00133,0.15421,,-0.0020724895029499454,294.87040760818945,2.1371221114775507e+17,75.86986543784653
67,2021-11-05,-0.00347341,0.01872,0.23085,,3.305756031260627e-05,203.84915363114462,1.4774304996043424e+17,-142.42469744080287
68,2021-11-11,-0.00501291,-0.01188,0.09186,,-0.002085647538045084,151.95542773571916,1.1013221272598643e+17,106.319215297976
69,2021-11-17,-0.00304026,0.02089,0.09334,,-5.274794405292506e-05,82.98445245575262,6.014435619043142e+16,-73.64260172144088
70,2021-11-23,0.00676834,0.00507,0.09982,,-0.0007484480103173213,156.1014519444155,1.1313711243192765e+17,-33.58444503984076
71,2021-11-29,-0.00575664,0.00879,0.1241,,-0.000945556973212092,187.81432039761557,1.3612153902781997e+17,94.74924758335895
72,2021-12-05,0.000262561,-0.00041,0.15434,,-6.406593266989554e-05,125.29847178297557,9.081214244379334e+16,-136.33974682053267
73,2021-12-11,-0.00156327,0.01337,0.01032,,-0.0008130505988545266,-33.41935747570251,-2.4221232775449536e+16,118.78208244708921
74,2021-12-17,-0.00654988,-0.0092,0.08208,,0.0005190691598249095,111.72153124464296,8.09720299462242e+16,-83.4081856968896
75,2022-01-04,-0.00746302,0.00854,0.14808,,-0.0003987523963891598,98.75357369718554,7.157328795642144e+16,-101.78049066660083
76,2022-01-28,-0.00421952,0.00848,0.24405,,0.0019025102170806293,320.6495010358869,2.3239603602698234e+17,29.55227633021398
77,2022-02-09,-0.00866132,0.00605,0.16669,,0.0017903197543190387,269.2394229029078,1.9513573051786938e+17,76.79575162921701
78,2022-02-21,-0.00332402,0.01186,0.32082,,0.001378966662389183,431.3514709160216,3.126291219897214e+17,44.77410447837677
79,2022-03-05,0.00721165,0.02073,0.42975,,0.0006640016724577261,649.3509608655738,4.706278625351179e+17,-51.45335775353851
80,2017-01-06,-0.0201148,0.01633,-0.00902,,0.0006296189458648445,46.189758928036504,3.347679271366221e+16,137.7944847637885
81,2017-01-30,-0.018332,0.00788,0.10362,,8.277258707876277e-05,59.10333172039595,4.283611845156301e+16,-66.28322358688087
82,2017-02-23,-0.0176289,0.01559,0.15857,,0.0007297377042188336,217.17698650418282,1.5740261755220646e+17,-37.62370213412161
83,2017-03-07,-0.0170019,0.03169,0.17673,,0.0017261079037275211,365.98858267876307,2.6525628629049018e+17,68.269160230066
84,2017-03-19,-0.0180386,0.01869,0.10756,,0.0018045394869174996,107.6090274836518,7.799142473987635e+16,67.96537062713423
85,2017-03-31,-0.0212116,0.02874,0.13521,,0.0016671597684133864,199.81693541910317,1.4482063303526534e+17,-13.410414975980594
86,2017-04-12,-0.0247444,0.02777,0.16065,,0.00012367817874233954,207.82583924287863,1.506252187138766e+17,-102.90144919407403
87,2017-04-24,-0.0262957,0.02819,0.18155,,-0.0006118518467823506,361.2380666134058,2.6181327110068026e+17,-64.79134006947696
88,2017-05-06,-0.0234898,0.03124,0.11348,,-0.00018722754393467745,184.24586340492925,1.335352407265472e+17,18.931028753149008
89,2017-05-18,-0.0255035,0.03371,0.02916,,0.001607977294721595,89.27420097117164,6.470295558905136e+16,93.4555396241476
90,2017-05-30,-0.025543,0.03682,0.06045,,0.0021915191132944843,68.46157922505719,4.961866330885024e+16,69.60069043854692
91,2017-06-11,-0.0265514,0.02769,0.06896,,0.00045303088610434603,56.9817642420189,4.129847728715837e+16,-88.29792280122491
92,2017-06-23,-0.0275913,0.02947,0.08406,,-0.0014295731673882332,32.215752325216314,2.3348900010199584e+16,-121.32217966001663
93,2017-07-05,-0.0295387,0.03751,0.03236,,-0.001652828653166348,55.85849827287847,4.048437167405459e+16,-7.144767141300822
94,2017-07-17,-0.0267482,0.034,0.01794,,-0.0007057644997911909,186.5764758762578,1.3522439071150598e+17,138.27216228700445
95,2017-07-29,-0.0283268,0.0329,0.00801,,0.00012366720429169664,54.303536736280826,3.93573875492944e+16,99.91497831936697
96,2017-08-10,-0.0237965,0.02711,0.08174,,0.0006837150291435299,55.25373181595637,4.004605716909907e+16,-61.39553447707788
97,2017-08-22,-0.0243426,0.02669,0.08526,,-0.00015755307567443208,118.87644949094235,8.615767543503789e+16,-126.17668775532404
98,2017-09-03,-0.0269109,0.03102,0.14617,,-0.0018003173623706015,216.85477361163805,1.5716908842229267e+17,-39.04086634203392
99,2017-09-15,-0.0256966,0.02935,0.08596,,-0.002561300170930013,290.0700377169633,2.10233063572037e+17,79.79958552442417
100,2017-10-09,-0.0190222,0.02237,0.07934,,-0.0004371686273431381,114.65664802379275,8.309930443923629e+16,-10.625195969672381
101,2017-10-21,-0.0138828,0.01282,0.13484,,-3.1800317305418e-05,148.39865959236457,1.0755438611184134e+17,-103.43586196162718
102,2017-11-02,-0.0176605,0.0136,0.12449,,-0.0006476130365641199,195.82054565341326,1.4192418336993062e+17,-69.39690473522155
103,2017-11-14,-0.0141173,0.00713,0.02517,,-0.0007922601664521093,132.10420216926707,9.574470824830246e+16,18.53667285998271
104,2017-11-26,-0.0165225,0.0068,-0.00931,,-0.0009777927910426805,62.76444504876591,4.548957096656787e+16,100.14792469911936
105,2018-01-01,-0.00692791,0.00758,0.0095,,0.0004136384961052688,-50.5800556169776,-3.665873294496202e+16,-131.395630741861
106,2018-01-13,-0.0182083,0.01635,0.02772,,0.0006846496147762515,26.577422859763324,1.9262427355939136e+16,-24.61407722804572
107,2018-01-25,-0.009291,0.00864,0.04809,,0.001162068994654768,65.550652888551,4.750892123975258e+16,126.23515675690427
108,2018-02-06,-0.0154122,0.02225,0.04511,,0.001129278734260017,109.06299182340518,7.904520947364851e+16,97.34380186605561
109,2018-02-18,-0.0159889,0.01897,0.16701,,0.00026385483835260674,144.64548243888032,1.048342088149518e+17,-60.96022603794025
110,2018-03-02,-0.0160408,0.02754,0.16881,,1.5576307288498708e-05,206.62094508574262,1.4975195171971046e+17,-131.4283393661099
111,2018-03-14,-0.0167879,0.01879,0.11599,,0.0005065112047739878,116.72649593729595,8.459946099249107e+16,-50.74878695133491
112,2018-03-26,-0.0092924,0.01586,0.13212,,0.0018529200199899776,242.34812855632796,1.756458196039568e+17,71.94260388524607
113,2018-04-07,-0.0129828,0.02331,0.09713,,0.0019773396852340005,162.04401606940053,1.174440841939954e+17,68.7503310401536
114,2018-05-01,-0.0172258,0.02725,0.14665,,0.00023604348016341854,190.55448122768271,1.3810751596814502e+17,-102.76499990075702
115,2018-05-13,-0.0170123,0.02335,0.12924,,-0.0009818686784464562,106.95607217681365,7.751818456790746e+16,-64.0426702648022
116,2018-05-25,-0.0204647,0.02579,0.04313,,-0.0006885542271715678,53.86278747322144,3.903794722181562e+16,25.040857799102934
117,2018-06-18,-0.0204672,0.02787,0.01673,,0.002107995803416492,66.5772094964909,4.825293514176029e+16,79.20706437008108
118,2018-06-30,-0.0194641,0.02501,0.0923,,0.0006742762895471163,52.39431390294878,3.797364668294291e+16,-77.74290657460791
119,2018-07-06,-0.00212953,0.00934,-0.06205,,0.00014086712151321201,50.95681860208668,3.693179815784454e+16,119.46003191514251
120,2018-07-12,-0.0224158,0.02187,0.03938,,-0.0014760918929726322,-8.941931640850022,-6480813040545536.0,-121.37964279259278
121,2018-07-18,-0.00332337,0.01462,-0.02642,,0.0008487274237896284,123.10829578338242,8.92247761174384e+16,111.59353626347831
122,2018-07-24,-0.0191661,0.02057,0.06914,,-0.0018833249787225568,71.27583069801082,5.16583386695935e+16,-23.19149977488442
123,2018-07-30,-2.36954e-05,0.01137,0.01354,,0.0007060844327612459,40.67476348247261,2.9479708432802944e+16,-65.56766571047014
124,2018-08-05,-0.0172435,0.02535,0.01973,,-0.0012500253629377067,70.30986791750065,5.095824114748621e+16,124.94889944259248
125,2018-08-11,-0.00479807,0.00981,0.01368,,-0.0007018177763314998,27.40410157404857,1.9861576444420864e+16,-138.93724870365432
126,2018-08-17,-0.0178953,0.01833,0.01956,,-0.0005543899295992075,60.5497332622215,4.388442192229242e+16,106.93749646118621
127,2018-08-23,-0.00099464,-0.00354,-0.04032,,-0.0018059311796591558,-11.91883045300947,-8638369753917312.0,-41.86111930710561
128,2018-09-04,-0.00196412,0.00348,-0.06374,,-0.0024026919416378248,45.641149677583485,3.3079179074092736e+16,108.81128442320724
129,2018-09-16,0.000309071,0.0048,-0.02859,,-0.0014036622569765607,67.5631658090172,4.896752330730138e+16,88.55174420796098
130,2018-09-22,-0.0130333,0.01296,0.04213,,-0.001502929141908953,63.95135151030973,4.634980108046637e+16,-52.760484815035134
131,2018-09-28,0.000763845,0.00669,0.01146,,-4.841651816094474e-05,114.50889472136821,8.299221778641933e+16,-45.16174301925793
132,2018-10-04,-0.0145507,0.01353,-0.00016,,-0.002598457533298052,87.04415443827065,6.308669243340122e+16,82.847488505284
133,2018-10-10,0.00155822,-0.00342,0.00476,,-2.7015749476144505e-05,95.99418311675838,6.957337393606656e+16,-119.06152681397555
134,2018-10-16,-0.0169648,0.01889,0.02115,,-0.001609155973638442,131.22174676760025,9.5105134081945e+16,79.96589537578082
135,2018-10-22,-0.000160939,-0.00295,0.02792,,-0.0009330542969559781,124.20553173851208,9.002001604681498e+16,-59.64272022009926
136,2018-10-28,-0.0152876,0.01796,0.07511,,-0.0006248785675689427,22.91809980424878,1.661027237083424e+16,-20.420248964207115
137,2018-11-03,8.66221e-05,-0.0017,-0.07831,,-0.0016644048747519215,-24.42568114827286,-1.7702916916381856e+16,55.83223535224639
138,2018-11-09,-0.0178796,0.01282,0.01646,,-7.190944941563537e-05,-46.79060658493139,-3.391226700340029e+16,-104.33621451945243
139,2018-11-15,-0.00113366,-0.0023,-0.02323,,-0.0013033646902790566,9.04401340221774,6554798487632992.0,87.05304276434788
140,2018-11-21,-0.0151628,0.0085,0.04231,,-0.00014842325771915178,-46.070639849086305,-3.339045918850848e+16,-72.31489564491953
141,2018-11-27,0.000792567,-0.00368,-0.08557,,-0.0010166647348325588,-84.49109626204314,-6.123632123998045e+16,28.791530534538403
142,2018-12-03,-0.0175636,0.00998,0.04536,,-0.0002829582488107326,43.08003708731726,3.122297031071139e+16,23.840063040767593
143,2018-12-09,0.000734754,-0.00248,-0.06367,,-0.00017966198698729876,1.5292560573165939,1108353652952832.0,-89.1728286172626
144,2018-12-21,0.000308098,0.00085,0.02652,,0.0004578962602879504,-1.941269531443343,-1406967241520512.0,-98.95128612802989
145,2019-07-25,-0.00156157,0.00645,-0.07131,,-0.0006346550223256466,-8.73089600446294,-6327861468195200.0,111.04516977789756
146,2019-07-31,-0.0239496,0.02694,0.09784,,-0.0013930787661173203,49.2588821822646,3.5701190618716224e+16,-120.73504825123014
147,2019-08-06,-0.00316861,0.00541,-0.05706,,0.00018934780603655836,-19.239444615594156,-1.394410610208416e+16,114.79313946028265
148,2019-08-18,-0.00168261,0.00757,-0.02365,,0.000580883820397464,-13.207665286858553,-9572474143640032.0,-55.179710676918404
149,2019-08-24,-0.0226769,0.02701,0.01397,,-0.0018180640420890578,31.89221072078516,2.311440787434189e+16,104.67944238439411
150,2019-08-30,-0.000515222,0.00272,0.05293,,-0.0006761216012957092,67.59603207509068,4.899134367792352e+16,-140.05592471091276
151,2019-09-05,-0.0170943,0.018,0.0039,,-0.0012991351912684454,82.72943761277706,5.995952995978362e+16,105.1482939357618
152,2019-09-11,-0.00098498,0.00837,0.0028,,-0.001654916658203113,215.5827687247822,1.562471818153675e+17,-56.518042804640736
153,2019-09-17,-0.0206982,0.02393,0.05897,,0.00012720125388872115,41.59780637556041,3.0148699055721376e+16,-52.211002826374276
154,2019-09-23,0.00159982,-0.00152,-0.07039,,-0.002566670226746173,57.877727617869056,4.19478415815055e+16,93.36663608808118
155,2019-09-29,-0.0198264,0.01746,0.09259,,-0.00016926422639450684,34.09648770570339,2.4711994123332096e+16,-139.77274715602982
156,2019-10-05,0.00215109,-0.00035,0.01736,,-0.0019015016890523533,149.96260951259666,1.086878847164937e+17,88.32854502474308
157,2019-10-11,-0.0183632,0.01808,0.13369,,-0.0011084351608573195,50.87413161157839,3.687186939212669e+16,-62.480429107022815
158,2019-10-23,-0.015106,0.01254,0.03925,,-0.002390737224018308,61.452141765787495,4.453845742968685e+16,86.0586301422196
159,2019-10-29,0.000399927,-0.00463,0.03316,,-3.941309957468516e-05,-6.871812096187519,-4980459618109664.0,-126.51715051233639
160,2019-11-04,-0.0165178,0.01543,0.07578,,-0.0017076338131510516,73.26966180134734,5.310340078079526e+16,86.45219834316687
161,2019-11-10,0.000908639,0.00331,0.05982,,-0.00039207502238805054,83.81215799645217,6.074424948836179e+16,-66.1601773174841
162,2019-12-16,0.000131834,-0.00378,-0.0677,,-0.0008944413897639465,-60.347936138923764,-4.373816611529899e+16,25.92184127368787
163,2019-12-22,-0.0164723,0.01736,0.03327,,0.0004086637300167546,8.556390846340044,6201385964933824.0,31.660658113406118
164,2019-12-28,-0.000586314,0.0042,-0.00255,,-0.00031094752342407926,-54.87543824393103,-3.977188263800152e+16,-80.48746537637639
165,2020-01-03,-0.0161241,0.01309,0.03352,,0.00011536182093164383,20.714383288323464,1.5013092331028352e+16,103.04147695174694
166,2020-01-09,0.00127777,-0.00112,0.04799,,0.0006158644245405872,18.924441844451795,1.37158026270608e+16,-101.6440540972291
167,2020-01-15,-0.018681,0.02349,0.08265,,-6.268160124606863e-05,35.0768138413473,2.5422501724938496e+16,82.61900535431951
168,2020-01-21,0.000413092,0.00446,0.02249,,0.0011053901942668666,-9.722818726836492,-7046773888080448.0,-19.18564382778532
169,2020-01-27,-0.0171206,0.00865,0.15325,,-0.00012653443553347824,33.03508253667611,2.394272314956288e+16,-60.8471226346122
170,2020-02-02,0.00312862,-0.00356,0.01932,,0.001278336362072282,32.64200783877997,2.3657835752706016e+16,97.24483141574503
171,2020-02-08,-0.0160298,0.01364,0.11123,,0.0004242198349564668,-28.32218073677872,-2.052696952156019e+16,-127.3387458734676
172,2020-02-14,0.00293157,-0.00077,-0.04562,,0.0014790244795953868,-77.1352750852325,-5.590506802520371e+16,102.99065751481812
173,2020-02-20,-0.0154182,0.01665,0.13132,,0.0009466451334750296,75.11378401037165,5.44399588915737e+16,-53.44975639515681
174,2020-02-26,0.000934315,0.00136,0.0343,,0.00033143302611375445,-18.190165586158436,-1.3183623748800192e+16,-53.70427158773576
175,2020-03-03,-0.0156654,0.02039,0.07521,,0.0021233538556293756,119.0947708358164,8.631590744526992e+16,82.66548638027602
176,2020-03-09,0.00190679,-0.00223,0.1484,,3.297668060212963e-05,102.50770203301187,7.429415463846554e+16,-141.9591824701175
177,2020-03-15,-0.0140916,0.02437,0.10882,,0.0024790055040428264,126.82739223616153,9.192025286209469e+16,88.73267855834148
178,2020-03-21,0.000551042,0.00758,0.13773,,0.00042472305534840024,182.50803249026438,1.3227571899160442e+17,-65.6052955465129
179,2020-03-27,-0.0157475,0.01858,0.0942,,0.0007979709910649758,105.92051320795488,7.67676460557392e+16,-54.81872262969953
180,2020-04-02,0.00182901,0.0176,0.07496,,0.0022869782082384554,197.1080160443986,1.4285729885709184e+17,75.28161535499527
181,2020-04-08,-0.0161689,0.01676,0.22694,,-0.00015819375214906804,142.28687827528026,1.0312477138745978e+17,-141.8852827078349
182,2020-04-14,-0.00221403,0.02009,0.11495,,0.0024902184009997406,214.22531246875968,1.55263342913512e+17,77.3210349344239
183,2020-04-20,-0.0164151,0.01768,0.1594,,-0.00026607244429526346,21.831413388222536,1.5822678394629664e+16,-64.76402349278027
184,2020-04-26,-0.000931767,0.00481,0.08759,,0.001237787852298402,29.47946276961294,2.13657288401528e+16,-51.300480329499464
185,2020-05-02,-0.0194071,0.02671,0.09108,,0.0014640848103834854,100.93519684541155,7.315445546210762e+16,82.61399518933041
186,2020-05-08,-0.00158677,0.0097,0.14422,,8.859352422529113e-05,142.66333086914253,1.0339761163914592e+17,-128.80258652427912
187,2020-05-14,-0.0220521,0.0332,0.09854,,0.0018493026155521368,98.47304098219753,7.136996722544109e+16,84.28646343256577
188,2020-05-20,-0.00415716,0.01597,0.07811,,-0.001004888824484363,133.46036684075264,9.67276110528754e+16,-63.0841623198056
189,2020-05-26,-0.0217938,0.03187,0.111,,0.0017785176050794968,47.06709811674067,3.411265881994739e+16,-29.01846806187946
190,2020-06-01,-0.00555725,0.01152,-0.02254,,-0.00033488556049295895,56.516689568749186,4.096140671578602e+16,83.00887631074433
191,2020-06-07,-0.0196743,0.02756,0.08212,,0.0006727586009037747,26.189676195716057,1.898140153984973e+16,-103.96886030333155
192,2020-06-13,-0.00442932,0.00806,-0.03038,,0.0008423242310545593,27.422835067029062,1.9875153853696544e+16,98.81002590032827
193,2020-06-19,-0.0213147,0.01917,0.09267,,-0.0015285055757573924,25.209747529632935,1.8271182010889856e+16,-71.96541831662198
194,2020-06-25,-0.00421708,0.0091,0.03929,,0.002039206879846468,58.470364451601654,4.237736494118048e+16,20.730984977347436
195,2020-07-01,-0.0227336,0.02574,0.04967,,-0.002055230023570811,43.23159726954794,3.1332816062712096e+16,46.06640729163988
196,2020-07-07,-0.00539568,0.00704,0.02717,,0.0010310606989888025,-59.293761825063854,-4.29741358235597e+16,-74.24487443113487
197,2020-07-13,-0.0242097,0.02837,0.04869,,-0.00033868212481739034,44.93825615412615,3.256974535262176e+16,104.21180538905814
198,2020-07-25,-0.0253752,0.02643,0.04926,,0.0011841636192962508,28.964821023592247,2.099273371194323e+16,77.89088911403711
199,2020-07-31,-3e-05,0.00018,-0.02021,,-0.002548319820828838,-0.02242269658789148,-16251220685600.0,-11.772471086776589
200,2020-08-12,0.001629,0.00038,-0.04779,,-0.0014506917574071084,113.41694617521625,8.220080999426205e+16,94.87300929013115
201,2020-08-18,0.00251,0.01958,0.08662,,-0.0011848822342809485,46.31590124418331,3.3568216446283264e+16,-119.43074533078757
202,2020-08-24,0.006268,0.00557,-0.03518,,-0.0005856419175893538,129.79955852454816,9.407437960048864e+16,102.38567581516752
203,2020-08-30,0.00068,0.01476,0.0422,,-0.0021004262552252683,49.449608681007625,3.583942280722733e+16,-51.30208672128829
204,2020-09-05,0.00466,0.00566,0.0532,,0.0002813354934741919,79.82056030471858,5.785127295798659e+16,-48.51589080876988
205,2020-09-11,0.00117,0.02088,0.04233,,-0.0022433205552253276,62.64878040828914,4.540574110290538e+16,81.68597222881242
206,2020-09-17,-0.00114162,-0.00011,0.06245,,-0.0006008036037520136,48.2190349013342,3.494754408135699e+16,-137.4549303106362
207,2020-09-29,-0.000717708,-0.00259,0.09382,,-0.001400896845632665,184.7879466025499,1.33928124501251e+17,-65.74285380592492
208,2020-10-23,0.00310993,-0.00409,0.0235,,-0.002170074456947127,59.83927827064636,4.336950790158054e+16,92.65236506220384
209,2020-10-29,-0.0207442,0.02141,0.14687,,-0.0006168811111573362,160.63242398062164,1.164210094508273e+17,-68.55692813253997
210,2020-11-04,0.002082,-0.00213,0.03331,,-0.0005621475869526701,48.05993622307708,3.483223467951904e+16,-44.07494454177982
211,2020-11-10,0.00453,0.02268,0.05077,,-0.001849143904834488,147.42734532182433,1.0685041000871082e+17,90.85577127778055
212,2020-11-16,-0.014522,-0.01532,0.06489,,-4.531667595950654e-05,85.5048327856535,6.197104357356192e+16,-133.32041491901046
213,2020-11-22,0.00568,0.0241,0.09657,,-0.0014813715650342594,193.38179079861317,1.4015665540164704e+17,100.24707235148634
214,2020-11-28,-0.006386,-0.00715,0.03722,,0.00013406723235068457,68.70745016811067,4.979686234660096e+16,-73.41093388367807
215,2020-12-04,-0.00505,0.01687,0.19397,,-0.0008091932811036837,217.21524093037394,1.574303430811051e+17,-19.25761382980847
216,2020-12-16,-0.00535,0.0171,0.06035,,-0.00032489550509421104,-40.102179467462726,-2.906471868558416e+16,-104.58365518159239
217,2020-12-22,-0.00279,-0.00154,0.09632,,-0.00027543341095724176,110.97573008269138,8.043149820317786e+16,105.16420213740822
218,2020-12-28,-0.00463,0.01255,0.09055,,0.0005746282660262339,45.069213505710685,3.2664658861916224e+16,-86.78415367783059
219,2021-01-03,0.005167,0.00095,-0.04051,,-0.0005596673804942725,-66.01372544242975,-4.784454074194e+16,26.43300983199728
220,2021-01-09,0.005,0.0208,0.09797,,0.0012124361519157173,89.41673902037495,6.480626240072845e+16,35.514275937973764
221,2021-01-15,0.000834,-0.00103,0.01,,-0.00031980183455973684,-74.0019055635758,-5.363410657387347e+16,-70.27775576890295
222,2021-01-27,0.003263,0.00053,0.04874,,0.0005771382255992332,-24.831498266415196,-1.79970395933344e+16,-105.56477133324876
223,2021-02-02,-0.00262,0.01696,0.03303,,0.0006604489778885853,-49.09188716423238,-3.5580158213858064e+16,68.6517406134608
224,2021-02-08,-0.005165,-0.01068,0.08245,,0.001478018350184599,102.01409334054777,7.393640356414131e+16,-26.49891132780173
225,2021-02-14,-0.00155,0.01272,0.1905,,0.00017636638081112166,146.157082302365,1.0592976584902765e+17,-51.726827224971515
226,2021-02-20,0.001874,-0.00165,0.09146,,0.0018893946903714605,166.06121197348455,1.2035561345269357e+17,74.62754897713778
227,2021-02-26,0.00059,0.01601,0.18201,,0.0002693839666918291,47.72299090319258,3.458802797891283e+16,-123.20362333207588
228,2023-02-16,0.0285091,0.06831,0.66832,,0.0022254777538822314,1255.0900307141667,9.096472848161754e+17,16.15604801395154
229,2023-04-17,0.0330367,0.1037,0.48262,,1.1801270249043158e-05,894.9315276628141,6.486164452853238e+17,-44.68744525933499
230,2023-04-29,0.0302006,0.10125,0.3788,,0.0013905885594486219,863.2541962601723,6.256577747553388e+17,54.5559817444843
231,2023-05-11,0.0282542,0.09835,0.32279,,0.0029228551472339106,693.4683910100645,5.026027006438772e+17,76.06266410991647
232,2023-05-23,0.0223864,0.08922,0.37068,,0.0017412558267004454,765.1407306943489,5.54548415767703e+17,-32.659283419569306
233,2023-06-04,0.0127809,0.07075,0.37574,,-0.0006603065754395765,457.53776252042263,3.316080704909647e+17,-129.4590323271363
234,2023-07-10,0.0143799,0.07275,0.25597,,-0.0005317217535032124,415.19387885636667,3.009186395649114e+17,137.5682343213237
235,2023-11-07,0.0371646,0.13136,0.51507,,-0.0015047310479420174,1621.8017963983773,1.175427709966215e+18,63.10446640309611
236,2022-03-17,-0.00145151,0.04113,0.39731,,3.232936036130853e-05,487.955541360767,3.5365385944246624e+17,-117.49255888448783
237,2023-06-16,0.0138742,0.06526,0.32281,,-0.0017594993194521011,477.18499183661095,3.458477253079677e+17,-75.53168409514535
238,2023-06-28,0.0147857,0.06031,0.2665,,-0.0013046274767587803,507.5830175269297,3.6787919783686406e+17,91.45746458623488
239,2023-07-22,0.0162019,0.07743,0.29378,,0.0010513670479353847,578.0905343870769,4.189806883287203e+17,13.301364265028642
240,2023-08-15,0.00560102,0.05222,0.36107,,-0.0009913457523442826,568.8852846655753,4.123090311485146e+17,-100.46388397728239
241,2023-09-08,0.0162678,0.07638,0.31526,,-0.002585224745063135,776.1809133873712,5.62549971006627e+17,61.027056471346675
242,2023-08-03,0.00645815,0.05012,0.37501,,0.0008675449498627945,592.0788828120888,4.2911897550532563e+17,-99.31208963364297
243,2023-08-27,0.0107424,0.05865,0.38014,,-0.003253732024494346,723.4729486936172,5.243490007187997e+17,23.55605799634319
244,2023-09-20,0.0264788,0.10165,0.40822,,-0.0010000717796607732,1025.2512508738528,7.430678228565908e+17,18.104784203081508
245,2023-10-02,0.0271433,0.10751,0.43772,,-0.00044189844605024793,1055.2397117931769,7.648024565350664e+17,-57.047582538144795
246,2023-10-14,0.0123106,0.06581,0.61795,,-0.00028334736026087423,1044.5712655060852,7.57070323412522e+17,-109.04826339401764
247,2023-10-26,-0.0193252,0.00866,0.46559,,-0.001221452645288734,695.4234845947526,5.0401968709692154e+17,-35.09527774493856
248,2023-11-19,0.00590886,0.05201,0.45448,,-0.0018945471665211377,719.5145858775511,5.214801117149543e+17,92.06038502974165
249,2023-12-01,-0.00211081,0.02678,0.57023,,-0.00096555059571685,909.9340997255797,6.59489807839553e+17,-15.10356168139702
250,2023-12-13,-0.0122794,0.01436,0.43221,,0.00021947012350742595,438.95152728196985,3.1813738870250925e+17,-131.05823561695013
251,2023-12-25,-0.0158032,0.00296,0.39608,,0.0008414363648360103,559.6644489013876,4.056260777257577e+17,-92.30774919269759
252,2024-01-06,-0.0133329,0.0093,0.32705,,0.0012356539914924341,484.0614415938739,3.508315461477443e+17,68.22018844941434
253,2024-01-18,0.0178741,0.06273,0.46809,,0.0015106910526024998,912.6740339097195,6.614756205144888e+17,128.17513630380645
254,2024-01-30,-0.00312199,0.03177,0.50529,,0.00042219668219778314,748.9972903475251,5.428481900311284e+17,15.571524065834435
255,2024-02-11,-0.0192175,0.00125,0.4993,,1.9359221114498593e-05,662.9511555388993,4.8048482885212576e+17,-104.24370023192785
256,2017-12-08,-0.00441307,0.02191,-0.02998,,-0.0008589539770034008,-6.4776036254235185,-4694750500590848.0,80.6825427744515
257,2017-12-20,-0.00429452,0.03498,0.10155,,-0.00014136486977130294,79.54086097554975,5.764855623718006e+16,-85.50035428145303
258,2016-11-19,-0.00182156,0.03422,-0.05904,,-0.0009435046609474315,-4.4040056840300075,-3191876052519808.0,70.26511577644062
259,2016-12-13,-0.00338844,0.03421,0.00615,,0.0003002333870207569,-0.7270493640477637,-526941066974336.0,-130.46524043493685
260,2024-03-18,0.0326062,0.10015,0.49097,,0.0023869030727806215,840.49999087824,6.0916628758127e+17,45.658450554365324
261,2024-03-30,0.0298542,0.08398,0.49445,,0.0021425456669958336,1232.9089501660021,8.935711793566761e+17,3.8584322210013977
262,2024-04-11,0.0246495,0.05755,0.49298,,0.0015049419006513748,1041.0729861439936,7.545348875112072e+17,-69.70270558843427
263,2024-04-23,0.0298322,0.09456,0.49448,,-0.0006070962584762781,1084.4704698431685,7.859879325109719e+17,-105.80621412484908
264,2024-05-05,0.022174,0.09216,0.38814,,-0.000842582735794125,689.4275649172747,4.996740450145841e+17,-20.889379353300196
265,2024-05-17,0.0235238,0.08726,0.37438,,0.0004496330858245591,740.5583050815248,5.367318957048537e+17,67.20158094911866
266,2024-05-29,0.0194659,0.07555,0.31868,,0.0024270153763770908,581.2994927249041,4.2130643402636704e+17,87.89344862613551
267,2024-06-10,0.0209418,0.07188,0.33638,,0.0019205120862266214,613.8668079852968,4.449101350959322e+17,-8.179066793018709
268,2024-06-22,0.0165011,0.07525,0.33307,,-0.00044355983705742104,481.66577264033333,3.4909524539992736e+17,-122.19620583437478
269,2024-07-04,0.0192824,0.07081,0.36361,,-0.0019536027479713667,716.6259912032017,5.193865548878307e+17,-86.87456962476668
270,2024-07-16,0.0166874,0.07017,0.34857,,-0.0021431259512880146,655.6847316946009,4.752183678345616e+17,66.87107367320172
271,2024-07-28,0.0192337,0.06182,0.24958,,-0.0015477328437698283,626.2206360475691,4.5386377657098835e+17,130.5168217764909
272,2024-08-09,0.0150823,0.06818,0.36776,,0.00028633613695559323,816.8194507556419,5.920034239632356e+17,18.741722153109063
273,2024-08-21,0.035004,0.1094,0.45882,,0.0004538871227731043,1061.2749513253498,7.691765963332547e+17,-104.82593584373839
274,2024-09-02,0.0245318,0.07617,0.42136,,-0.0007677807601849188,1064.9204784023561,7.71818752454466e+17,-106.16554573671972
275,2024-09-14,0.028579,0.08459,0.53746,,-0.0029593362651339577,1296.9300211542663,9.399715107833871e+17,15.746036864209813
276,2024-09-26,0.0365518,0.10802,0.49292,,-0.0027000416214273265,1672.0771634914674,1.211865614857662e+18,59.266268662358655
277,2024-10-08,0.0309757,0.1084,0.46638,,-0.0013471939130444686,1653.8915841653618,1.198685315076786e+18,10.961633533599965
278,2024-10-20,0.0358966,0.10378,0.63378,,-0.0007846309002821975,1255.5929016518328,9.10011748856098e+17,-63.073443616877306
279,2024-11-01,0.025358,0.09451,0.71624,,6.455492343373272e-05,1264.5119791348573,9.164759979672806e+17,-107.87609154869307
280,2024-11-13,0.00259324,0.03719,0.56252,,-0.00028248245821126095,971.9150684960606,7.044115413985889e+17,-16.491576070011337
281,2024-11-25,0.0219207,0.06726,0.54792,,-0.0004936342542390859,1149.4771105761222,8.331025719317824e+17,68.27214713009403
282,2024-12-07,0.0371891,0.10528,0.55863,,-0.0011024086191752161,1359.7687892469103,9.855149486068406e+17,99.21031964499893
283,2024-12-19,0.00311538,0.0353,0.54724,,-0.0007569839306682176,926.1834989286324,6.712668290119227e+17,10.61207054973411
284,2024-12-31,-0.000962109,0.04002,0.66551,,0.00010580418683159112,891.9550049981464,6.464591611910758e+17,-122.65570214717837
285,2025-01-12,-0.0149141,0.01518,0.52451,,0.000953237724359459,724.7762222894106,5.252935698403563e+17,-103.99655439195105
286,2025-01-24,-0.00339477,0.02196,0.56034,,0.001811132578805311,958.3742787501901,6.94597629786536e+17,37.18037664922029
287,2025-02-05,0.00287393,0.04605,0.51297,,0.0024946092115441776,802.5405391801805,5.816545463314391e+17,108.97180928646604
288,2025-02-17,0.0239822,0.08297,0.67021,,0.0012036243690411316,1262.425494955834,9.149637840050836e+17,12.88436099485667
289,2020-10-05,0.00421226,0.04582,0.13784,,-0.0002110064532495502,114.76087880095314,8.317484742110848e+16,-49.91462458803205
290,2020-10-11,-0.00236105,-0.00316,-0.00203,,-0.0024851889773829213,38.02212668653414,2.7557165985664e+16,80.40730061505015
291,2020-10-17,-0.000517435,0.03271,0.10275,,-0.00012077158758384307,58.17873227507961,4.216599969163949e+16,-143.39283121751728
292,2021-01-21,0.00169954,0.02916,0.0262,,0.0009839828438499868,-34.65892766875124,-2.511963180089971e+16,95.24212603721712
293,2021-03-04,0.00444662,-0.00028,0.1748,,0.002212566531526476,243.8685039002351,1.767477368127961e+17,80.44117188212506
294,2021-03-10,0.000614703,0.03157,0.19276,,0.0008646678681809774,115.88601283977572,8.399030694865078e+16,-61.350874727197606
295,2019-11-16,-0.00633889,0.02628,0.04723,,-0.000756693296544678,27.275012327043722,1.976801687485747e+16,-24.26120582942579
296,2019-11-22,-0.00620877,-0.0115,-0.09104,,-0.0011262222019954257,25.10611003031195,1.81960690169568e+16,71.33856869647789
297,2019-11-28,-0.00399656,0.03014,0.09651,,-0.0001803284282363103,-16.663030642840063,-1.2076807408344512e+16,-105.2916573330923
298,2019-12-04,-0.000243625,0.00169,-0.08823,,-0.0009712874678584173,-79.2630778712199,-5.744722833205946e+16,96.01047137338736
299,2019-12-10,-0.00481479,0.02382,0.00887,,0.00030104796501271593,-44.376895476642204,-3.216288990514021e+16,-78.06980468703014
300,2025-03-01,0.0075972,0.04747,0.79112,,0.00027023340556371096,1164.0116734903625,8.436367371051008e+17,-112.24760228465847
301,2025-03-13,0.00548939,0.04381,0.60013,,-1.615278054891524e-05,859.1013627301197,6.226479398809782e+17,-110.80161586322238
302,2025-04-06,0.0322003,0.09938,0.52829,,0.0021617696787683024,1400.7840117244702,1.0152414103345416e+18,55.15831481504184
303,2025-04-18,0.0265527,0.08099,0.51484,,0.002233877785617229,956.3832291344245,6.931545836045143e+17,5.148158765619507
304,2025-05-12,0.020486,0.07852,0.41669,,-0.0007843924818826083,623.623475507615,4.519814414590947e+17,-104.33529195397202
305,2025-05-24,0.00552933,0.04524,0.34568,,-0.0018010053637331862,392.08494463602835,2.84170056790682e+17,-1.3404176101323717
306,2025-06-05,0.0158838,0.07004,0.26191,,-0.0006832340318116791,419.90844362238715,3.0433559845515155e+17,75.07441162712892
307,2025-06-17,0.00128158,0.03473,0.26161,,0.0016026188564790252,372.0958232766167,2.6968261005341222e+17,96.89461901831704
308,2025-06-29,0.0181769,0.07622,0.2829,,0.0017025466643448553,365.12975299345015,2.646338352533164e+17,17.901852520314378
309,2025-08-04,0.0116503,0.06749,0.2989,,-0.0025244907230816595,515.359342184646,3.735152179132212e+17,36.5887989013648
310,2025-08-16,0.0161277,0.06914,0.35034,,-0.0022597856101437067,631.0763647853897,4.5738304638755206e+17,111.39493638707198
